--TABLE KHACH_HANG (MaKH, HoTenKH, MatKhau, SDT, Email, DiaChi)
INSERT INTO KHACH_HANG VALUES
('KH0001', N'Nguyễn Văn A', 'VanAA@123456', '0912345678', 'nguyenaaa4847@gmail.com', N'123 Lê Lợi, TP.HCM'),
('KH0002', N'Trần Thị Lụa', 'Luatran@654321', '0923456789', 'tranlua.forchill@gmail.com', N'456 Nguyễn Trãi, TP.HCM'),
('KH0003', N'Lê Văn Sỹ', 'levanSy@987654', '0934567890', 'syle0577@gmail.com', N'789 Hai Bà Trưng, TP.HCM'),
('KH0004', N'Phạm Thị Hoa', 'phamThiHoa@112233', '0945678901', 'phamthihoa090825@gmail.com', N'321 Nguyễn Văn Linh, TP.Đà Nẵng'),
('KH0005', N'Hoàng Văn Khôi', 'Khoihoang@445566', '0956789012', 'khoikhoi99@gmail.com', N'654 Phan Bội Châu, TP.Huế'),
('KH0006', N'Đỗ Thị Lài', 'Dothilai@778899', '0967890123', 'dothilai9900@gmail.com', N'233 Mậu Thân, TP.Cần Thơ'),
('KH0007', N'Bùi Văn Linh', 'Linhlinh@556677', '0978901234', 'linhhhbuivan18@gmail.com', N'159 Nguyễn Huệ, TP.Nha Trang'),
('KH0008', N'Nguyễn Thị Hạnh', 'Nguyenhanh@334455', '0989012345', 'nthanh88@gmail.com', N'753 Pasteur, TP.Hải Phòng'),
('KH0009', N'Trần Văn Sang', 'Vansang@998877', '0990123456', 'sangtran140895@gmail.com', N'258 Điện Biên Phủ, TP.Hải Dương'),
('KH0010', N'Lê Thị Khánh Vân', 'Lthikvan@123789', '0901234567', 'khanhvanxinhdep@gmail.com', N'369 Lê Lợi, TP.HCM'),
('KH0011', N'Phạm Văn Lộc', 'Loclocpham@456123', '0911122233', 'locdeptrai0823@gmail.com', N'147 Bùi Thị Xuân, TP.Đà Lạt'),
('KH0012', N'Đỗ Văn Mạnh', 'Manhmanh@789456', '0922233344', 'dvmanh9800@gmail.com', N'258 Hai Bà Trưng, TP.Bắc Ninh'),
('KH0013', N'Hoàng Thị Nguyên', 'Nguyennguyen@321654', '0933344455', 'nguyencute2489@gmail.com', N'369 Hồ Quí Ly, TP.Vũng Tàu'),
('KH0014', N'Bùi Thị Thanh Hiền', 'Thanhhien@654987', '0944455566', 'hienhien1409@gmail.com', N'147 Phan Châu Trinh, TP.Quảng Ngãi'),
('KH0015', N'Nguyễn Văn Phúc', 'Phucnguyen@852741', '0955566677', 'vanphuc2k5@gmail.com', N'258 Thống Nhất, TP.Bạc Liêu'),
('KH0016', N'Trần Thị Quyên', 'Quyentran@951357', '0966677788', 'quyentran6868@gmail.com', N'369 Giải Phóng, TP.Buôn Ma Thuột'),
('KH0017', N'Lê Văn Roi', 'Roivanle@753159', '0977788899', 'leroi1515@gmail.com', N'147 Phạm Hộ Pháp, TP.Tây Ninh'),
('KH0018', N'Phạm Thị Sáu', 'Saupham@357951', '0988899001', 'phamsau0909@gmail.com', N'258 Phạm Hồng Thái, TP.Long Xuyên'),
('KH0019', N'Đỗ Văn Thọ', 'Dovantho@159357', '0999001122', 'vvanthoo84@gmail.com', N'369 Điện Biên Phủ, TP.Vĩnh Long'),
('KH0020', N'Hoàng Văn Ung', 'Ungvanhoang@258147', '0900112233', 'hoangvanung1414@gmail.com', N'147 Phạm Hùng, TP.Cà Mau');

--TABLE NHAN_VIEN  (MaNV, HoTenNV, GioiTinh, SDT, DiaChi, Email, VaiTro)
INSERT INTO NHAN_VIEN VALUES 
('NV0001', N'Nguyễn Văn Nam', N'Nam', '0912345678', N'Quận 5', 'nguyenvannam@gmail.com', N'Quản lý'),
('NV0002', N'Trần Thị Mai', N'Nữ', '0912345679', N'Quận 3', 'tranthimai@gmail.com', N'Kho'),
('NV0003', N'Lê Minh Khang', N'Nam', '0912345680', N'Quận Bình Thạnh', 'leminhkhang@gmail.com', N'Chăm sóc khách hàng'),
('NV0004', N'Phạm Anh Tài', N'Nam', '0912345681', N'Nhà Bè', 'phamanhtai@gmail.com', N'Chăm sóc khách hàng'),
('NV0005', N'Ngô Thanh Tú', N'Nữ', '0912345682', N'Quận 5', 'ngothangtu@gmail.com', N'Kế toán'),
('NV0006', N'Hoàng Mai Khanh', N'Nữ', '0912345683', N'Quận 1', 'hoangmaikhanh@gmail.com', N'Quản lý'),
('NV0007', N'Vũ Tùng', 'Nam', N'0912345684', N'Quận 8', 'vutung@gmail.com', N'Đóng hàng'),
('NV0008', N'Đoàn Lệ Huyền', N'Nữ', '0912345685', N'Quận 1', 'doanlehuyen@gmail.com', N'Chăm sóc khách hàng'),
('NV0009', N'Nguyễn Thế Hùng', N'Nam', '0912345686', N'Quận 8', 'nguyenthehung@gmail.com', N'Kho'),
('NV0010', N'Bùi Minh Quân', N'Nam', '0912345687', N'Quận 1', 'buiminquan@gmail.com', N'Chăm sóc khách hàng'),
('NV0011', N'Phan Quỳnh Lan', N'Nữ', '0912345688', N'Quận 7', 'phanquynhlan@gmail.com', N'Chăm sóc khách hàng'),
('NV0012', N'Lê Thị Minh', N'Nữ', '0912345689', N'Quận 8', 'lethiminh@gmail.com', N'Kho'),
('NV0013', N'Trương Thanh Nam', N'Nam', '0912345690', N'Quận 7', 'truongthanhnam@gmail.com', N'Chăm sóc khách hàng'),
('NV0014', N'Đinh Khánh Toàn', N'Nam', '0912345691', N'Quận 7', 'dinhkhanhtoan@gmail.com', N'Quản lý'),
('NV0015', N'Cao Minh Phát', N'Nam', '0912345692', N'Quận 1', 'caominhphat@gmail.com', N'Kho'),
('NV0016', N'Phan Tài Quân', N'Nam', '0912345693', N'Quận Bình Thạnh', 'phantaiquan@gmail.com', N'Quản lý'),
('NV0017', N'Dương Hồng', N'Nữ', '0912345694', N'Quận 8', 'duonghong@gmail.com', N'Đóng hàng'),
('NV0018', N'Nguyễn Đức Sáng', N'Nam', '0912345695', N'Quận 9', 'nguyenducsang@gmail.com', N'Chăm sóc khách hàng'),
('NV0019', N'Trần Vân Thu', N'Nữ', '0912345696', N'Quận 9', 'tranvanthu@gmail.com', N'Kho'),
('NV0020', N'Lê Kim Uyên', N'Nữ', '0912345697', N'Thủ Đức', 'lekimuyen@gmail.com', N'Kho');

--TABLE DON_VI_VAN_CHUYEN (MaDVVC, TenDVVC, SDT, Email, DiaChi)
INSERT INTO DON_VI_VAN_CHUYEN VALUES 
('DVVC01', N'Giao Hàng Nhanh','1900 636677','giaohangnhanh@gmail.com',N'Quận 10, TP. Hồ Chí Minh'),
('DVVC02', N'Giao Hàng Tiết Kiệm','1900 6092','giaohangtietkiem@gmail.com',N'Quận 5, TP. Hồ Chí Minh'),
('DVVC03',N'Viettel Post','1900 8095','viettelpost@gmail.com',N'Quận 3, TP. Hồ Chí Minh');

--TABLE NHA_CUNG_CAP (MaNCC, TenNCC, DiaChi, SDT, Email)
INSERT INTO NHA_CUNG_CAP VALUES 
('NCC001', N'Công ty TNHH ABC', N'123 Đường Nguyễn Văn A, Quận 1, TP.HCM', '0901234567', 'abc@nhacungcap.com'),
('NCC002', N'Công ty CP XYZ', N'456 Đường Lê Lợi, Quận 3, TP.HCM', '0912345678', 'xyz@nhacungcap.com'),
('NCC003', N'Công ty TNHH DEF', N'789 Đường Trần Hưng Đạo, Quận 5, TP.HCM', '0923456789', 'def@nhacungcap.com'),
('NCC004', N'Công ty CP GHI', N'135 Đường Võ Thị Sáu, Quận 10, TP.HCM', '0934567890', 'ghi@nhacungcap.com'),
('NCC005', N'Công ty TNHH JKL', N'246 Đường Nguyễn Đình Chiểu, Quận 3, TP.HCM', '0945678901', 'jkl@nhacungcap.com'),
('NCC006', N'Công ty CP MNO', N'357 Đường Điện Biên Phủ, Quận Bình Thạnh, TP.HCM', '0956789012', 'mno@nhacungcap.com');

--TABLE DANH_MUC_SP (MaDM, TenDM, MoTaDM, TrangThaiDM, NgayTaoDM, NgayXoaDM)
INSERT INTO DANH_MUC_SP VALUES
('DM0001', N'Áo thun', N'Danh mục áo thun nam và nữ nhiều kiểu dáng, chất liệu cotton.', 1, '2025/01/01', NULL),
('DM0002', N'Áo sơ mi', N'Các mẫu áo sơ mi công sở, sơ mi casual nam nữ.', 1, '2025/01/02', NULL),
('DM0003', N'Quần jeans', N'Quần jeans nam nữ, nhiều kiểu dáng như skinny, baggy, rộng.', 1, '2025/01/03', NULL),
('DM0004', N'Quần short', N'Quần short nam nữ, kiểu dáng thoải mái, phù hợp đi chơi, dạo phố.', 1, '2025/01/04', NULL),
('DM0005', N'Áo khoác', N'Áo khoác bomber, áo khoác dạ, áo hoodie unisex.', 1, '2025/01/05', NULL);

--TABLE SAN_PHAM (MaSP, TenSP, MoTaSP, GiaNiemYet, NgayTaoSP, NgayXoaSP, MaDM, MaNCC)
INSERT INTO SAN_PHAM VALUES
('SP0001', N'Áo thun nam cotton', N'Áo thun nam cotton 100%, thoáng mát, không xù lông.', 199000, '2025/01/10', NULL, 'DM0001', 'NCC001'),
('SP0002', N'Áo thun nữ form rộng', N'Áo thun nữ form rộng, dễ phối đồ, chất liệu cotton.', 219000, '2025/01/10', NULL, 'DM0001', 'NCC001'),
('SP0003', N'Áo thun unisex basic', N'Áo thun unisex phong cách tối giản, phù hợp nam nữ.', 179000, '2025/01/11', NULL, 'DM0001', 'NCC001'),
('SP0004', N'Áo sơ mi trắng nam', N'Áo sơ mi trắng cổ đứng, phù hợp đi làm và dự tiệc.', 249000, '2025/01/12', NULL, 'DM0002', 'NCC003'),
('SP0005', N'Áo sơ mi caro nữ', N'Áo sơ mi caro dáng rộng, phong cách trẻ trung.', 269000, '2025/01/15', NULL, 'DM0002', 'NCC002'),
('SP0006', N'Áo sơ mi linen', N'Áo sơ mi linen thoáng mát, phù hợp thời tiết nóng.', 299000, '2025/01/15', NULL, 'DM0002', 'NCC003'),
('SP0007', N'Quần jeans nam skinny', N'Quần jeans nam ôm nhẹ, co giãn tốt, dễ phối đồ.', 399000, '2025/01/16', NULL, 'DM0003', 'NCC005'),
('SP0008', N'Quần jeans nữ baggy', N'Quần jeans nữ form rộng, phong cách năng động.', 429000, '2025/01/16', NULL, 'DM0003', 'NCC005'),
('SP0009', N'Quần jeans ống rộng', N'Quần jeans ống rộng unisex, phù hợp mọi phong cách.', 429000, '2025/01/16', NULL, 'DM0003', 'NCC004'),
('SP0010', N'Quần short nam thể thao', N'Quần short thể thao nam, vải co giãn, thoải mái.', 149000, '2025/01/18', NULL, 'DM0004', 'NCC004'),
('SP0011', N'Quần short nữ lưng cao', N'Quần short nữ lưng cao, phong cách trẻ trung.', 159000, '2025/01/18', NULL, 'DM0004', 'NCC005'),
('SP0012', N'Quần short kaki nam', N'Quần short kaki nam, phong cách lịch sự, thoải mái.', 179000, '2025/01/18', NULL, 'DM0004', 'NCC005'),
('SP0013', N'Áo khoác bomber nam', N'Áo khoác bomber nam chất dù, chống nước tốt.', 399000, '2025/01/19', NULL, 'DM0005', 'NCC006'),
('SP0014', N'Áo khoác hoodie', N'Áo khoác hoodie unisex, vải nỉ ấm áp.', 499000, '2025/01/19', NULL, 'DM0005', 'NCC006'),
('SP0015', N'Áo khoác dạ nữ', N'Áo khoác dạ nữ dáng dài, phong cách Hàn Quốc.', 459000, '2025/01/19', NULL, 'DM0005', 'NCC006');

--TABLE GIO_HANG (MaGioHang, NgayTaoGH, NgayCapNhatGH, MaKH)
INSERT INTO GIO_HANG VALUES
('GH0001', '2025/02/21', '2025/02/26', 'KH0001'),
('GH0002', '2024/12/27', '2024/12/30', 'KH0015'),
('GH0003', '2025/02/24', '2025/02/28', 'KH0003'),
('GH0004', '2025/02/26', '2025/03/01', 'KH0017'),
('GH0005', '2025/02/25', '2025/02/28', 'KH0016'),
('GH0006', '2025/02/20', '2025/02/25', 'KH0002'),
('GH0007', '2025/02/28', '2025/03/03', 'KH0004'),
('GH0008', '2025/03/01', '2025/03/04', 'KH0014'),
('GH0009', '2025/02/28', '2025/03/04', 'KH0010'),
('GH0010', '2025/03/02', '2025/03/05', 'KH0005'),
('GH0011', '2025/03/02', '2025/03/05', 'KH0008'),
('GH0012', '2025/03/02', '2025/03/06', 'KH0019'),
('GH0013', '2025/02/27', '2025/03/01', 'KH0018'),
('GH0014', '2025/02/20', '2025/02/26', 'KH0020'),
('GH0015', '2024/12/26', '2024/12/31', 'KH0011'),
('GH0016', '2025/03/01', '2025/03/05', 'KH0009'),
('GH0017', '2025/03/02', '2025/03/06', 'KH0007'),
('GH0018', '2025/02/22', '2025/02/28', 'KH0006'),
('GH0019', '2025/03/03', '2025/03/07', 'KH0012'),
('GH0020', '2025/02/24', '2025/02/28', 'KH0013');

--TABLE CHI_TIET_GIO_HANG (MaGioHang, MaSP, SoLuongSPTrongGio)
INSERT INTO CHI_TIET_GIO_HANG VALUES
('GH0001', 'SP0005', 2),
('GH0001', 'SP0004', 1),
('GH0002', 'SP0001', 1),
('GH0002', 'SP0009', 2),
('GH0002', 'SP0003', 1),
('GH0003', 'SP0002', 1),
('GH0003', 'SP0004', 3),
('GH0004', 'SP0007', 1),
('GH0004', 'SP0004', 2),
('GH0005', 'SP0005', 2),
('GH0005', 'SP0015', 1),
('GH0006', 'SP0007', 2),
('GH0006', 'SP0014', 1),
('GH0006', 'SP0004', 1),
('GH0007', 'SP0008', 1),
('GH0008', 'SP0004', 1),
('GH0008', 'SP0001', 2),
('GH0009', 'SP0002', 1),
('GH0009', 'SP0010', 2),
('GH0010', 'SP0001', 1),
('GH0010', 'SP0006', 1),
('GH0011', 'SP0006', 5),
('GH0012', 'SP0010', 2),
('GH0012', 'SP0001', 1),
('GH0013', 'SP0010', 1),
('GH0013', 'SP0013', 1),
('GH0014', 'SP0006', 3),
('GH0015', 'SP0006', 2),
('GH0015', 'SP0009', 1),
('GH0015', 'SP0014', 1),
('GH0016', 'SP0011', 1),
('GH0016', 'SP0015', 1),
('GH0017', 'SP0005', 4),
('GH0018', 'SP0011', 2),
('GH0018', 'SP0005', 2),
('GH0019', 'SP0013', 2),
('GH0020', 'SP0013', 1);

-- TABLE DON_HANG (MaDH, NgayDatDon, MaKH)
INSERT INTO DON_HANG VALUES
('DH0001', '2025/02/28', 'KH0001'),
('DH0002', '2025/01/03', 'KH0015'),
('DH0003', '2025/03/02', 'KH0003'),
('DH0004', '2025/03/04', 'KH0017'),
('DH0005', '2025/03/03', 'KH0016'),
('DH0006', '2025/02/28', 'KH0002'),
('DH0007', '2025/03/05', 'KH0004'),
('DH0008', '2025/03/06', 'KH0014'),
('DH0009', '2025/03/06', 'KH0010'),
('DH0010', '2025/03/07', 'KH0005'),
('DH0011', '2025/03/07', 'KH0008'),
('DH0012', '2025/03/07', 'KH0019'),
('DH0013', '2025/03/03', 'KH0018'),
('DH0014', '2025/02/28', 'KH0020'),
('DH0015', '2025/01/03', 'KH0011'),
('DH0016', '2025/03/07', 'KH0009'),
('DH0017', '2025/03/08', 'KH0007'),
('DH0018', '2025/03/01', 'KH0006'),
('DH0019', '2025/03/09', 'KH0012'),
('DH0020', '2025/03/02', 'KH0013');

--TABLE CHI_TIET_DON_HANG
INSERT INTO CHI_TIET_DON_HANG VALUES 
('DH0001','SP0005','2','269000'),
('DH0002','SP0001','1','199000'),
('DH0003','SP0002','2','219000'),
('DH0003','SP0004','3','249000'),
('DH0004','SP0004','3','249000'),
('DH0005','SP0005','2','269000'),
('DH0006','SP0007','1','399000'),
('DH0007','SP0008','1','429000'),
('DH0008','SP0004','2','249000'),
('DH0008','SP0001','2','199000'),
('DH0009','SP0001','1','199000'),
('DH0010','SP0001','1','199000'),
('DH0011','SP0006','5','299000'),
('DH0012','SP0010','2','149000'),
('DH0013','SP0010','1','149000'),
('DH0014','SP0006','3','299000'),
('DH0015','SP0006','2','299000'),
('DH0016','SP0011','1','159000'),
('DH0017','SP0005','5','269000'),
('DH0018','SP0011','2','159000'),
('DH0019','SP0013','2','399000'),
('DH0020','SP0013','1','399000');

--TABLE THONG_TIN_GIAO_HANG (MaVanDon, NgayTiepNhan, PhiGiao, NgayGiao, TrangThaiGiao, MaDH, MaDVVC)
INSERT INTO THONG_TIN_GIAO_HANG VALUES 
('MVD001','2025/03/01','15000','2025/03/03',N'Chờ giao hàng','DH0001','DVVC02'),
('MVD002','2025/03/02','20000','2025/03/05',N'Đang giao hàng','DH0002','DVVC01'),
('MVD003','2025/03/03','15000','2025/03/05',N'Chờ giao hàng','DH0003','DVVC02'),
('MVD004','2025/03/04','15000','2025/03/06',N'Đang giao hàng','DH0004','DVVC03'),
('MVD005','2025/03/03','15000','2025/03/05',N'Chờ giao hàng','DH0005','DVVC02'),
('MVD006','2025/03/01','25000','2025/03/03',N'Đang giao hàng','DH0006','DVVC01'),
('MVD007','2025/03/05','15000','2025/03/07',N'Đang giao hàng','DH0007','DVVC02'),
('MVD008','2025/03/07','15000','2025/03/10',N'Đang giao hàng','DH0008','DVVC03'),
('MVD009','2025/03/07','15000','2025/03/09',N'Giao hàng thành công','DH0009','DVVC02'),
('MVD010','2025/03/07','15000','2025/03/09',N'Chờ giao hàng','DH0010','DVVC02'),
('MVD011','2025/03/07','15000','2025/03/09',N'Giao hàng thành công','DH0011','DVVC02'),
('MVD012','2025/03/06','15000','2025/03/09',N'Giao hàng thành công','DH0012','DVVC02'),
('MVD013','2025/03/04','15000','2025/03/06',N'Chờ giao hàng','DH0013','DVVC03'),
('MVD014','2025/03/04','15000','2025/03/06',N'Chờ hoàn hàng','DH0014','DVVC03'),
('MVD015','2025/03/09','20000','2025/03/10',N'Đang hoàn hàng','DH0015','DVVC01'),
('MVD016','2025/03/09','20000','2025/03/10',N'Giao hàng thành công','DH0016','DVVC01'),
('MVD017','2025/03/09','20000','2025/03/10',N'Giao hàng thành công','DH0017','DVVC01'),
('MVD018','2025/03/10','20000','2025/03/12',N'Đã hoàn hàng','DH0018','DVVC01'),
('MVD019','2025/03/10','20000','2025/03/12',N'Giao hàng thành công','DH0019','DVVC03'),
('MVD020','2025/03/10','20000','2025/03/12',N'Chờ hoàn hàng','DH0020','DVVC02');

--TABLE GIAO_DICH_THANH_TOAN (MaGiaoDich, PhuongThucTT, ThoiDiemTT, TrangThaiTT, SoTien, MaKH, MaDH)
INSERT INTO GIAO_DICH_THANH_TOAN VALUES 
('GD8459321029384756', N'E-banking', '2025/02/28 15:30:00', N'Thành công', '538000', 'KH0001', 'DH0001'),
('GD1293845647382910', N'Ví điện tử', '2025/03/01 14:30:00', N'Thành công', '199000', 'KH0015', 'DH0002'),
('GD6724159082736451', N'Ví điện tử', '2025/03/02 15:00:00', N'Thành công', '1185000', 'KH0003', 'DH0003'),
('GD9082731278465930', N'Thẻ tín dụng/ghi nợ', '2025/03/03 8:30:00', N'Thành công', '498000', 'KH0017', 'DH0004'),
('GD4502936789451237', N'Ví điện tử', '2025/03/02 17:30:00', N'Thành công', '538000', 'KH0016', 'DH0005'),
('GD1123458901234678', N'E-banking', '2025/02/28 15:30:00', N'Thành công', '399000', 'KH0002', 'DH0006'),
('GD6789203456789123', N'Ví điện tử', '2025/03/04 15:30:00', N'Thành công', '429000', 'KH0004', 'DH0007'),
('GD3345679082736458', N'Ví điện tử', '2025/03/06 15:30:00', N'Thành công', '896000', 'KH0014', 'DH0008'),
('GD9987212345678901', N'Thẻ nội địa', '2025/03/06 12:30:00', 'Thành công', '199000', 'KH0010', 'DH0009'),
('GD2201346789012345', N'Ví điện tử', '2025/03/06 14:30:00', 'Thành công', '199000', 'KH0005', 'DH0010'),
('GD5678439082736452', N'Ví điện tử', '2025/03/06 15:30:00', 'Thành công', '1495000', 'KH0008', 'DH0011'),
('GD1029385647382916', N'Thẻ tín dụng/ghi nợ', '2025/03/05 15:30:00', 'Thành công', '298000', 'KH0019', 'DH0012'),
('GD4312901278465932', N'Ví điện tử', '2025/03/03 12:30:00', 'Thành công', '149000', 'KH0018', 'DH0013'),
('GD8821346789012347', N'E-banking', '2025/03/03 15:30:00', 'Thành công', '897000', 'KH0020', 'DH0014'),
('GD5498723456789128', N'Thẻ tín dụng/ghi nợ', '2025/03/08 15:30:00', 'Thành công', '598000', 'KH0011', 'DH0015'),
('GD7712369082736454', N'E-banking', '2025/03/08 11:30:00', 'Thành công', '159000', 'KH0009', 'DH0016'),
('GD9087611278465933', N'Thẻ tín dụng/ghi nợ', '2025/03/08 15:30:00', 'Thành công', '1345000', 'KH0007', 'DH0017'),
('GD2348905647382911', N'Ví điện tử', '2025/03/09 16:30:00', 'Thành công', '318000', 'KH0006', 'DH0018'),
('GD6654326789012349', N'E-banking', '2025/03/09 15:30:00', 'Thành công', '798000', 'KH0012', 'DH0019'),
('GD1189239082736450', N'Thẻ tín dụng/ghi nợ', '2025/03/09 9:30:00', 'Thành công', '399000', 'KH0013', 'DH0020');

--TABLE DANH_GIA_SP (MaDanhGia, DiemDanhGia, NoiDungDanhGia, NgayDanhGia, MaKH, MaSP, MaDH)
INSERT INTO DANH_GIA_SP (MaDanhGia, DiemDanhGia, NoiDungDanhGia, NgayDanhGia, MaKH, MaSP, MaDH) VALUES 
('DG0001', 5, N'Sản phẩm rất tốt, chất lượng tuyệt vời!', '2025-03-10', 'KH0010', 'SP0001', 'DH0009'),
('DG0002', 4, N'Giá cả hợp lý, chất lượng ổn.', '2025-03-12', 'KH0008', 'SP0006', 'DH0011'),
('DG0003', 5, N'Rất hài lòng, sẽ mua lại lần sau.', '2025-03-13', 'KH0019', 'SP0010', 'DH0012'),
('DG0004', 3, N'Sản phẩm ổn nhưng giao hàng hơi chậm.', '2025-03-14', 'KH0009', 'SP0011', 'DH0016'),
('DG0005', 4, N'Chất lượng ổn, đóng gói cẩn thận.', '2025-03-15', 'KH0007', 'SP0005', 'DH0017'),
('DG0006', 5, N'Xứng đáng với giá tiền, rất đáng mua!', '2025-03-16', 'KH0012', 'SP0013', 'DH0019');

--TABLE PHIEU_DAT_HANG (MaPhieuDatHang, NgayDat, MaNVLap, MaNCC)
INSERT INTO PHIEU_DAT_HANG VALUES 
('PDH001', '2025-03-01', 'NV0001', 'NCC001'),
('PDH002', '2025-03-02', 'NV0006', 'NCC002'),
('PDH003', '2025-03-03', 'NV0014', 'NCC003'),
('PDH004', '2025-03-04', 'NV0016', 'NCC004'),
('PDH005', '2025-03-05', 'NV0001', 'NCC005'),
('PDH006', '2025-03-06', 'NV0006', 'NCC006'),
('PDH007', '2025-03-07', 'NV0014', 'NCC001'),
('PDH008', '2025-03-08', 'NV0016', 'NCC002'),
('PDH009', '2025-03-09', 'NV0001', 'NCC003'),
('PDH010', '2025-03-10', 'NV0006', 'NCC004'),
('PDH011', '2025-03-11', 'NV0014', 'NCC005'),
('PDH012', '2025-03-12', 'NV0016', 'NCC006'),
('PDH013', '2025-03-13', 'NV0001', 'NCC001'),
('PDH014', '2025-03-14', 'NV0006', 'NCC002'),
('PDH015', '2025-03-15', 'NV0014', 'NCC003'),
('PDH016', '2025-03-16', 'NV0016', 'NCC004'),
('PDH017', '2025-03-17', 'NV0001', 'NCC005'),
('PDH018', '2025-03-18', 'NV0006', 'NCC006'),
('PDH019', '2025-03-19', 'NV0014', 'NCC001'),
('PDH020', '2025-03-20', 'NV0016', 'NCC002');

--TABLE CHI_TIET_DAT_HANG (MaPhieuDatHang, MaSP, SoLuong, GiaNhap)
INSERT INTO CHI_TIET_DAT_HANG VALUES 
('PDH001', 'SP0001', 50, 150000),
('PDH002', 'SP0002', 40, 160000),
('PDH003', 'SP0003', 60, 170000),
('PDH004', 'SP0004', 30, 180000),
('PDH005', 'SP0005', 25, 190000),
('PDH006', 'SP0006', 45, 200000),
('PDH007', 'SP0007', 35, 210000),
('PDH008', 'SP0008', 55, 220000),
('PDH009', 'SP0009', 65, 230000),
('PDH010', 'SP0010', 20, 240000),
('PDH011', 'SP0011', 70, 250000),
('PDH012', 'SP0012', 80, 260000),
('PDH013', 'SP0013', 90, 270000),
('PDH014', 'SP0014', 100, 280000),
('PDH015', 'SP0015', 110, 290000),
('PDH016', 'SP0001', 50, 150000),
('PDH017', 'SP0002', 40, 160000),
('PDH018', 'SP0003', 60, 170000),
('PDH019', 'SP0002', 30, 180000),
('PDH020', 'SP0005', 25, 190000);

--TABLE PHIEU_NHAP_HANG (MaPhieuNhap, NgayNhap, MaNVLap, MaPhieuDatHang, MaNCC)
INSERT INTO PHIEU_NHAP_HANG VALUES 
('PNH001', '2025-03-03', 'NV0002', 'PDH001', 'NCC001'),
('PNH002', '2025-03-04', 'NV0009', 'PDH001', 'NCC001'), 
('PNH003', '2025-03-05', 'NV0012', 'PDH002', 'NCC002'), 
('PNH004', '2025-03-06', 'NV0015', 'PDH003', 'NCC003'), 
('PNH005', '2025-03-07', 'NV0019', 'PDH003', 'NCC003'),
('PNH006', '2025-03-08', 'NV0020', 'PDH004', 'NCC004'),
('PNH007', '2025-03-09', 'NV0002', 'PDH005', 'NCC005'),
('PNH008', '2025-03-10', 'NV0009', 'PDH006', 'NCC006'),
('PNH009', '2025-03-11', 'NV0012', 'PDH007', 'NCC001'),
('PNH010', '2025-03-12', 'NV0015', 'PDH008', 'NCC002'),
('PNH011', '2025-03-13', 'NV0019', 'PDH009', 'NCC003'),
('PNH012', '2025-03-14', 'NV0020', 'PDH010', 'NCC004'),
('PNH013', '2025-03-15', 'NV0002', 'PDH011', 'NCC005'),
('PNH014', '2025-03-16', 'NV0009', 'PDH012', 'NCC006'),
('PNH015', '2025-03-17', 'NV0012', 'PDH013', 'NCC001'),
('PNH016', '2025-03-18', 'NV0015', 'PDH014', 'NCC002'),
('PNH017', '2025-03-19', 'NV0019', 'PDH015', 'NCC003'),
('PNH018', '2025-03-20', 'NV0020', 'PDH016', 'NCC004'),
('PNH019', '2025-03-21', 'NV0002', 'PDH017', 'NCC005'),
('PNH020', '2025-03-22', 'NV0009', 'PDH018', 'NCC006');

--TABLE CHI_TIET_NHAP_HANG (MaPhieuNhap, MaSP, SoLuongNhap)
INSERT INTO CHI_TIET_NHAP_HANG VALUES 
('PNH001', 'SP0001', 30), 
('PNH002', 'SP0001', 20),
('PNH003', 'SP0002', 40),
('PNH004', 'SP0003', 40),
('PNH005', 'SP0003', 20),
('PNH006', 'SP0004', 30),
('PNH007', 'SP0005', 25),
('PNH008', 'SP0006', 45),
('PNH009', 'SP0007', 35),
('PNH010', 'SP0008', 55),
('PNH011', 'SP0009', 65),
('PNH012', 'SP0010', 20),
('PNH013', 'SP0011', 70),
('PNH014', 'SP0012', 80),
('PNH015', 'SP0013', 90),
('PNH016', 'SP0014', 100),
('PNH017', 'SP0015', 110),
('PNH018', 'SP0001', 50),
('PNH019', 'SP0002', 40),
('PNH020', 'SP0003', 60);

--TABLE TON_KHO (MaKiemKe, NgayKiemKe, MaNVKiemKe)
INSERT INTO TON_KHO VALUES 
('TK0001', '2025-03-10', 'NV0002'),
('TK0002', '2025-03-20', 'NV0009'),
('TK0003', '2025-03-30', 'NV0012');

--TABLE CHI_TIET_TON_KHO (MaKiemKe, MaSP, SoLuongTon)
INSERT INTO CHI_TIET_TON_KHO VALUES 
('TK0001', 'SP0001', 45),  
('TK0001', 'SP0002', 38),  
('TK0001', 'SP0003', 60),  
('TK0001', 'SP0004', 22),  
('TK0001', 'SP0005', 16), 
('TK0001', 'SP0006', 35), 
('TK0001', 'SP0007', 34),  
('TK0001', 'SP0008', 54), 
('TK0001', 'SP0009', 65),  
('TK0001', 'SP0010', 17),  
('TK0001', 'SP0011', 67),  
('TK0001', 'SP0012', 80),  
('TK0001', 'SP0013', 87),  
('TK0001', 'SP0014', 100), 
('TK0001', 'SP0015', 110),
('TK0002', 'SP0001', 52),
('TK0002', 'SP0002', 48), 
('TK0002', 'SP0003', 70),  
('TK0002', 'SP0004', 36),
('TK0002', 'SP0005', 22),  
('TK0002', 'SP0006', 45),  
('TK0002', 'SP0007', 39),   
('TK0002', 'SP0008', 58),   
('TK0002', 'SP0009', 72),   
('TK0002', 'SP0010', 23),   
('TK0002', 'SP0011', 75),  
('TK0002', 'SP0012', 87),  
('TK0002', 'SP0013', 97),  
('TK0002', 'SP0014', 108), 
('TK0002', 'SP0015', 114); 
('TK0003', 'SP0001', 56),
('TK0003', 'SP0002', 52), 
('TK0003', 'SP0003', 72),  
('TK0003', 'SP0004', 41),
('TK0003', 'SP0005', 26),  
('TK0003', 'SP0006', 53),  
('TK0003', 'SP0007', 44),   
('TK0003', 'SP0008', 61),   
('TK0003', 'SP0009', 78),   
('TK0003', 'SP0010', 26),   
('TK0003', 'SP0011', 80),  
('TK0003', 'SP0012', 91),  
('TK0003', 'SP0013', 104),  
('TK0003', 'SP0014', 114), 
('TK0003', 'SP0015', 118); 











